{"cameraMode":{"drawMode":0,"name":"Shaded","section":"Shading Mode"},"sceneLighting":true,"audioPlay":false,"sceneViewState":{"m_AlwaysRefresh":true,"showFog":true,"showSkybox":true,"showFlares":true,"showImageEffects":true,"showParticleSystems":true,"showVisualEffectGraphs":true,"m_FxEnabled":true},"in2DMode":false,"pivot":{"x":115.68549346923828,"y":19.374113082885743,"z":228.15377807617188},"rotation":{"x":-0.07934804260730744,"y":0.8381897807121277,"z":-0.12084152549505234,"w":-0.5279244780540466},"size":4.042675971984863,"orthographic":false}