{"cameraMode":{"drawMode":0,"name":"Shaded","section":"Shading Mode"},"sceneLighting":true,"audioPlay":false,"sceneViewState":{"m_AlwaysRefresh":true,"showFog":true,"showSkybox":true,"showFlares":true,"showImageEffects":true,"showParticleSystems":true,"showVisualEffectGraphs":true,"m_FxEnabled":true},"in2DMode":false,"pivot":{"x":68.83757781982422,"y":3.443150520324707,"z":139.26419067382813},"rotation":{"x":-0.058389630168676379,"y":-0.02946092002093792,"z":0.00505905831232667,"w":-0.998841404914856},"size":3.019240140914917,"orthographic":false}