{"cameraMode":{"drawMode":0,"name":"Shaded","section":"Shading Mode"},"sceneLighting":true,"audioPlay":false,"sceneViewState":{"m_AlwaysRefresh":true,"showFog":true,"showSkybox":true,"showFlares":true,"showImageEffects":true,"showParticleSystems":true,"showVisualEffectGraphs":true,"m_FxEnabled":true},"in2DMode":false,"pivot":{"x":83.95687866210938,"y":16.724716186523439,"z":212.51260375976563},"rotation":{"x":-0.07226122170686722,"y":0.6647547483444214,"z":-0.06088694930076599,"w":-0.7425182461738586},"size":3.542583465576172,"orthographic":false}