{"cameraMode":{"drawMode":0,"name":"Shaded","section":"Shading Mode"},"sceneLighting":true,"audioPlay":false,"sceneViewState":{"m_AlwaysRefresh":true,"showFog":true,"showSkybox":true,"showFlares":true,"showImageEffects":true,"showParticleSystems":true,"showVisualEffectGraphs":true,"m_FxEnabled":true},"in2DMode":false,"pivot":{"x":55.823944091796878,"y":4.531835079193115,"z":231.31927490234376},"rotation":{"x":-0.13544796407222749,"y":0.025888314470648767,"z":-0.003636626759544015,"w":-0.9905502796173096},"size":7.933684349060059,"orthographic":false}