{"cameraMode":{"drawMode":0,"name":"Shaded","section":"Shading Mode"},"sceneLighting":true,"audioPlay":false,"sceneViewState":{"m_AlwaysRefresh":true,"showFog":true,"showSkybox":true,"showFlares":true,"showImageEffects":true,"showParticleSystems":true,"showVisualEffectGraphs":true,"m_FxEnabled":true},"in2DMode":false,"pivot":{"x":-1.4818240404129029,"y":5.434083461761475,"z":127.01158905029297},"rotation":{"x":-0.026443688198924066,"y":0.45332247018814089,"z":0.013520563021302224,"w":0.8909969329833984},"size":12.12435531616211,"orthographic":false}