{"cameraMode":{"drawMode":0,"name":"Shaded","section":"Shading Mode"},"sceneLighting":true,"audioPlay":false,"sceneViewState":{"m_AlwaysRefresh":true,"showFog":true,"showSkybox":true,"showFlares":true,"showImageEffects":true,"showParticleSystems":true,"showVisualEffectGraphs":true,"m_FxEnabled":true},"in2DMode":false,"pivot":{"x":-290.28082275390627,"y":15.96772575378418,"z":148.8326873779297},"rotation":{"x":-0.03743878751993179,"y":0.8388274312019348,"z":0.058261528611183169,"w":0.5402120351791382},"size":7.933684349060059,"orthographic":false}