{"cameraMode":{"drawMode":0,"name":"Shaded","section":"Shading Mode"},"sceneLighting":true,"audioPlay":false,"sceneViewState":{"m_AlwaysRefresh":true,"showFog":true,"showSkybox":true,"showFlares":true,"showImageEffects":true,"showParticleSystems":true,"showVisualEffectGraphs":true,"m_FxEnabled":true},"in2DMode":false,"pivot":{"x":-217.97312927246095,"y":-91.61836242675781,"z":471.11968994140627},"rotation":{"x":0.12446904927492142,"y":-0.40151697397232058,"z":0.05211211368441582,"w":0.9061240553855896},"size":207.6311492919922,"orthographic":false}