{"cameraMode":{"drawMode":0,"name":"Shaded","section":"Shading Mode"},"sceneLighting":true,"audioPlay":false,"sceneViewState":{"m_AlwaysRefresh":true,"showFog":true,"showSkybox":true,"showFlares":true,"showImageEffects":true,"showParticleSystems":true,"showVisualEffectGraphs":true,"m_FxEnabled":true},"in2DMode":false,"pivot":{"x":367.5267639160156,"y":24.157001495361329,"z":379.32305908203127},"rotation":{"x":0.023609360679984094,"y":-0.4931293725967407,"z":-0.010086785070598126,"w":-0.8698657155036926},"size":207.6311492919922,"orthographic":false}